dia,valor_total_dia,valor_total_semana,valor_total_mes,media_valor_dia,media_valor_semana,media_valor_mes,mediana_valor_dia,mediana_valor_semana,mediana_valor_mes,desvio_padrao,total_transacoes,volume_total_transacionado
2021-01-01,"4.608.111,31","13.541.486,07","109.749.101,97","15.411,74","4.513.828,69","4.572.879,25","2.135,47","4.608.111,31","4.580.789,91","25.141,20",299,"4.608.111,31"
2021-01-02,"4.700.553,62","13.541.486,07","109.749.101,97","16.378,24","4.513.828,69","4.572.879,25","1.928,87","4.608.111,31","4.580.789,91","29.532,70",287,"4.700.553,62"
2021-01-03,"4.232.821,14","13.541.486,07","109.749.101,97","15.117,22","4.513.828,69","4.572.879,25","1.979,63","4.608.111,31","4.580.789,91","26.967,41",280,"4.232.821,14"
2021-01-04,"4.744.360,64","64.379.148,29","109.749.101,97","17.066,05","4.598.510,59","4.572.879,25","2.191,67","4.580.789,91","4.580.789,91","28.783,85",278,"4.744.360,64"
2021-01-05,"3.866.327,87","64.379.148,29","109.749.101,97","14.813,52","4.598.510,59","4.572.879,25","2.121,99","4.580.789,91","4.580.789,91","25.745,59",261,"3.866.327,87"
2021-01-06,"5.002.434,63","64.379.148,29","109.749.101,97","18.257,06","4.598.510,59","4.572.879,25","2.218,87","4.580.789,91","4.580.789,91","29.034,02",274,"5.002.434,63"
2021-01-07,"4.778.698,52","64.379.148,29","109.749.101,97","17.066,78","4.598.510,59","4.572.879,25","2.353,13","4.580.789,91","4.580.789,91","27.809,51",280,"4.778.698,52"
2021-01-08,"4.081.167,61","64.379.148,29","109.749.101,97","14.319,89","4.598.510,59","4.572.879,25","1.867,44","4.580.789,91","4.580.789,91","25.329,69",285,"4.081.167,61"
2021-01-09,"4.319.847,16","64.379.148,29","109.749.101,97","15.539,02","4.598.510,59","4.572.879,25","1.966,68","4.580.789,91","4.580.789,91","27.506,21",278,"4.319.847,16"
2021-01-10,"5.680.046,05","64.379.148,29","109.749.101,97","20.431,82","4.598.510,59","4.572.879,25","2.254,41","4.580.789,91","4.580.789,91","31.282,33",278,"5.680.046,05"
2021-01-11,"5.606.072,50","23.034.902,64","109.749.101,97","19.331,28","4.606.980,53","4.572.879,25","2.180,54","4.510.093,62","4.580.789,91","29.619,93",290,"5.606.072,50"
2021-01-12,"4.185.539,21","23.034.902,64","109.749.101,97","14.686,10","4.606.980,53","4.572.879,25","1.898,47","4.510.093,62","4.580.789,91","26.028,33",285,"4.185.539,21"
2021-02-01,"4.464.661,84","60.260.128,47","108.416.625,96","16.414,20","4.635.394,50","4.517.359,42","2.165,77","4.650.834,70","4.619.535,38","28.138,66",272,"4.464.661,84"
2021-02-02,"4.696.719,95","60.260.128,47","108.416.625,96","15.603,72","4.635.394,50","4.517.359,42","2.168,84","4.650.834,70","4.619.535,38","25.026,95",301,"4.696.719,95"
2021-02-03,"3.113.054,16","60.260.128,47","108.416.625,96","12.452,22","4.635.394,50","4.517.359,42","2.125,60","4.650.834,70","4.619.535,38","23.112,00",250,"3.113.054,16"
2021-02-04,"4.027.793,69","60.260.128,47","108.416.625,96","15.611,60","4.635.394,50","4.517.359,42","2.078,20","4.650.834,70","4.619.535,38","27.068,60",258,"4.027.793,69"
2021-02-05,"4.588.236,05","60.260.128,47","108.416.625,96","18.279,82","4.635.394,50","4.517.359,42","2.297,14","4.650.834,70","4.619.535,38","29.209,64",251,"4.588.236,05"
2021-02-06,"4.495.268,93","60.260.128,47","108.416.625,96","16.287,21","4.635.394,50","4.517.359,42","2.078,39","4.650.834,70","4.619.535,38","27.048,63",276,"4.495.268,93"
2021-02-07,"4.654.451,84","60.260.128,47","108.416.625,96","17.833,15","4.635.394,50","4.517.359,42","2.128,79","4.650.834,70","4.619.535,38","28.361,76",261,"4.654.451,84"
2021-02-08,"4.685.022,48","48.156.497,49","108.416.625,96","18.517,88","4.377.863,41","4.517.359,42","2.242,21","4.421.721,02","4.619.535,38","29.075,55",253,"4.685.022,48"
2021-02-09,"3.425.919,36","48.156.497,49","108.416.625,96","13.758,71","4.377.863,41","4.517.359,42","2.115,62","4.421.721,02","4.619.535,38","24.355,88",249,"3.425.919,36"
2021-02-10,"5.257.921,15","48.156.497,49","108.416.625,96","17.352,88","4.377.863,41","4.517.359,42","2.173,79","4.421.721,02","4.619.535,38","28.770,53",303,"5.257.921,15"
2021-02-11,"4.421.721,02","48.156.497,49","108.416.625,96","15.142,88","4.377.863,41","4.517.359,42","2.084,41","4.421.721,02","4.619.535,38","26.681,56",292,"4.421.721,02"
2021-02-12,"4.359.526,26","48.156.497,49","108.416.625,96","15.137,24","4.377.863,41","4.517.359,42","2.170,91","4.421.721,02","4.619.535,38","25.991,00",288,"4.359.526,26"
2021-03-01,"4.998.436,66","58.487.713,95","110.569.480,60","17.355,68","4.499.054,92","4.607.061,69","2.124,01","4.451.096,13","4.618.984,99","28.643,93",288,"4.998.436,66"
2021-03-02,"4.862.512,20","58.487.713,95","110.569.480,60","16.101,03","4.499.054,92","4.607.061,69","1.937,28","4.451.096,13","4.618.984,99","27.395,25",302,"4.862.512,20"
2021-03-03,"4.890.921,13","58.487.713,95","110.569.480,60","17.785,17","4.499.054,92","4.607.061,69","2.221,31","4.451.096,13","4.618.984,99","27.839,19",275,"4.890.921,13"
2021-03-04,"4.395.562,50","58.487.713,95","110.569.480,60","15.983,86","4.499.054,92","4.607.061,69","1.895,64","4.451.096,13","4.618.984,99","26.801,21",275,"4.395.562,50"
2021-03-05,"4.409.427,09","58.487.713,95","110.569.480,60","15.861,25","4.499.054,92","4.607.061,69","2.224,82","4.451.096,13","4.618.984,99","26.964,05",278,"4.409.427,09"
2021-03-06,"4.929.019,94","58.487.713,95","110.569.480,60","15.451,47","4.499.054,92","4.607.061,69","1.863,06","4.451.096,13","4.618.984,99","28.105,25",319,"4.929.019,94"
2021-03-07,"3.896.895,96","58.487.713,95","110.569.480,60","14.705,27","4.499.054,92","4.607.061,69","1.812,73","4.451.096,13","4.618.984,99","26.651,22",265,"3.896.895,96"
2021-03-08,"4.889.659,89","52.081.766,65","110.569.480,60","18.382,18","4.734.706,06","4.607.061,69","2.231,32","4.806.110,58","4.618.984,99","28.728,76",266,"4.889.659,89"
2021-03-09,"4.202.315,30","52.081.766,65","110.569.480,60","16.288,04","4.734.706,06","4.607.061,69","2.221,63","4.806.110,58","4.618.984,99","26.141,94",258,"4.202.315,30"
2021-03-10,"5.098.211,03","52.081.766,65","110.569.480,60","19.311,41","4.734.706,06","4.607.061,69","2.094,27","4.806.110,58","4.618.984,99","29.938,06",264,"5.098.211,03"
2021-03-11,"4.806.110,58","52.081.766,65","110.569.480,60","18.274,18","4.734.706,06","4.607.061,69","2.043,55","4.806.110,58","4.618.984,99","28.735,66",263,"4.806.110,58"
2021-03-12,"4.643.347,78","52.081.766,65","110.569.480,60","15.686,99","4.734.706,06","4.607.061,69","2.089,83","4.806.110,58","4.618.984,99","27.358,64",296,"4.643.347,78"
2021-04-01,"5.518.514,72","31.541.566,26","108.161.595,84","19.638,84","4.505.938,04","4.506.733,16","2.333,43","4.382.113,25","4.496.261,25","29.163,88",281,"5.518.514,72"
2021-04-02,"4.610.409,24","31.541.566,26","108.161.595,84","16.826,31","4.505.938,04","4.506.733,16","1.931,26","4.382.113,25","4.496.261,25","28.418,50",274,"4.610.409,24"
2021-04-03,"3.866.754,24","31.541.566,26","108.161.595,84","13.909,19","4.505.938,04","4.506.733,16","2.175,56","4.382.113,25","4.496.261,25","24.121,20",278,"3.866.754,24"
2021-04-04,"5.047.555,47","31.541.566,26","108.161.595,84","18.557,19","4.505.938,04","4.506.733,16","2.202,46","4.382.113,25","4.496.261,25","29.801,38",272,"5.047.555,47"
2021-04-05,"3.785.167,30","62.800.052,01","108.161.595,84","14.229,95","4.485.718,00","4.506.733,16","2.220,95","4.547.709,37","4.496.261,25","25.724,51",266,"3.785.167,30"
2021-04-06,"5.223.884,75","62.800.052,01","108.161.595,84","18.075,73","4.485.718,00","4.506.733,16","2.098,72","4.547.709,37","4.496.261,25","28.248,72",289,"5.223.884,75"
2021-04-07,"4.203.957,84","62.800.052,01","108.161.595,84","16.951,44","4.485.718,00","4.506.733,16","2.226,50","4.547.709,37","4.496.261,25","28.091,09",248,"4.203.957,84"
2021-04-08,"3.580.381,08","62.800.052,01","108.161.595,84","14.207,86","4.485.718,00","4.506.733,16","1.986,63","4.547.709,37","4.496.261,25","26.996,13",252,"3.580.381,08"
2021-04-09,"3.731.262,87","62.800.052,01","108.161.595,84","13.046,37","4.485.718,00","4.506.733,16","2.003,06","4.547.709,37","4.496.261,25","24.177,71",286,"3.731.262,87"
2021-04-10,"5.325.945,38","62.800.052,01","108.161.595,84","19.296,90","4.485.718,00","4.506.733,16","2.078,18","4.547.709,37","4.496.261,25","30.501,25",276,"5.325.945,38"
2021-04-11,"4.714.232,56","62.800.052,01","108.161.595,84","15.305,95","4.485.718,00","4.506.733,16","2.107,50","4.547.709,37","4.496.261,25","26.029,11",308,"4.714.232,56"
2021-04-12,"4.783.226,72","13.819.977,57","108.161.595,84","17.650,28","4.606.659,19","4.506.733,16","2.305,98","4.783.226,72","4.496.261,25","28.713,29",271,"4.783.226,72"
2021-05-01,"3.467.984,61","13.822.432,52","106.555.661,27","13.871,94","4.607.477,51","4.439.819,22","2.059,11","4.991.946,42","4.490.352,17","24.916,02",250,"3.467.984,61"
2021-05-02,"4.991.946,42","13.822.432,52","106.555.661,27","18.488,69","4.607.477,51","4.439.819,22","2.363,53","4.991.946,42","4.490.352,17","28.628,42",270,"4.991.946,42"
2021-05-03,"4.224.911,31","62.994.963,74","106.555.661,27","15.035,27","4.499.640,27","4.439.819,22","2.114,02","4.677.621,52","4.490.352,17","26.093,84",281,"4.224.911,31"
2021-05-04,"3.798.682,93","62.994.963,74","106.555.661,27","15.014,56","4.499.640,27","4.439.819,22","2.076,44","4.677.621,52","4.490.352,17","26.919,92",253,"3.798.682,93"
2021-05-05,"5.720.734,21","62.994.963,74","106.555.661,27","20.143,43","4.499.640,27","4.439.819,22","2.223,43","4.677.621,52","4.490.352,17","30.151,04",284,"5.720.734,21"
2021-05-06,"4.905.196,40","62.994.963,74","106.555.661,27","17.644,59","4.499.640,27","4.439.819,22","2.138,94","4.677.621,52","4.490.352,17","28.461,81",278,"4.905.196,40"
2021-05-07,"3.315.392,06","62.994.963,74","106.555.661,27","12.654,17","4.499.640,27","4.439.819,22","1.982,28","4.677.621,52","4.490.352,17","23.798,85",262,"3.315.392,06"
2021-05-08,"4.978.480,78","62.994.963,74","106.555.661,27","16.594,94","4.499.640,27","4.439.819,22","2.035,53","4.677.621,52","4.490.352,17","27.346,67",300,"4.978.480,78"
2021-05-09,"4.043.373,77","62.994.963,74","106.555.661,27","14.756,84","4.499.640,27","4.439.819,22","2.127,55","4.677.621,52","4.490.352,17","26.026,18",274,"4.043.373,77"
2021-05-10,"4.627.233,52","29.738.265,01","106.555.661,27","15.901,15","4.248.323,57","4.439.819,22","1.957,13","4.323.054,74","4.490.352,17","27.934,69",291,"4.627.233,52"
2021-05-11,"3.521.852,53","29.738.265,01","106.555.661,27","13.757,24","4.248.323,57","4.439.819,22","2.317,99","4.323.054,74","4.490.352,17","23.860,04",256,"3.521.852,53"
2021-05-12,"5.076.926,98","29.738.265,01","106.555.661,27","17.209,92","4.248.323,57","4.439.819,22","2.244,03","4.323.054,74","4.490.352,17","27.308,91",295,"5.076.926,98"
2021-06-01,"4.605.760,99","52.746.867,43","108.931.240,88","18.349,65","4.795.169,77","4.538.801,70","2.166,77","4.763.694,54","4.542.392,54","29.277,96",251,"4.605.760,99"
2021-06-02,"5.322.349,51","52.746.867,43","108.931.240,88","18.289,86","4.795.169,77","4.538.801,70","2.269,67","4.763.694,54","4.542.392,54","28.950,41",291,"5.322.349,51"
2021-06-03,"5.541.452,70","52.746.867,43","108.931.240,88","18.912,81","4.795.169,77","4.538.801,70","2.387,96","4.763.694,54","4.542.392,54","28.723,01",293,"5.541.452,70"
2021-06-04,"4.885.283,61","52.746.867,43","108.931.240,88","17.960,60","4.795.169,77","4.538.801,70","2.066,03","4.763.694,54","4.542.392,54","29.465,78",272,"4.885.283,61"
2021-06-05,"5.142.364,69","52.746.867,43","108.931.240,88","19.627,35","4.795.169,77","4.538.801,70","2.376,66","4.763.694,54","4.542.392,54","30.000,69",262,"5.142.364,69"
2021-06-06,"4.863.135,99","52.746.867,43","108.931.240,88","17.245,16","4.795.169,77","4.538.801,70","2.287,69","4.763.694,54","4.542.392,54","27.561,79",282,"4.863.135,99"
2021-06-07,"3.806.532,27","56.184.373,45","108.931.240,88","13.356,25","4.321.874,88","4.538.801,70","2.037,50","4.378.224,47","4.542.392,54","24.746,82",285,"3.806.532,27"
2021-06-08,"4.212.021,75","56.184.373,45","108.931.240,88","14.779,02","4.321.874,88","4.538.801,70","2.118,52","4.378.224,47","4.542.392,54","26.009,18",285,"4.212.021,75"
2021-06-09,"4.695.461,73","56.184.373,45","108.931.240,88","16.475,30","4.321.874,88","4.538.801,70","2.025,45","4.378.224,47","4.542.392,54","28.571,91",285,"4.695.461,73"
2021-06-10,"4.634.061,26","56.184.373,45","108.931.240,88","15.550,54","4.321.874,88","4.538.801,70","2.158,59","4.378.224,47","4.542.392,54","26.836,26",298,"4.634.061,26"
2021-06-11,"4.320.688,67","56.184.373,45","108.931.240,88","17.707,74","4.321.874,88","4.538.801,70","2.169,86","4.378.224,47","4.542.392,54","29.208,86",244,"4.320.688,67"
2021-06-12,"4.560.050,34","56.184.373,45","108.931.240,88","18.536,79","4.321.874,88","4.538.801,70","2.188,41","4.378.224,47","4.542.392,54","30.217,34",246,"4.560.050,34"
2021-07-01,"5.114.601,24","32.393.685,30","110.152.108,13","20.791,06","4.627.669,33","4.589.671,17","2.452,45","4.293.844,96","4.622.203,11","31.254,04",246,"5.114.601,24"
2021-07-02,"4.131.069,26","32.393.685,30","110.152.108,13","15.888,73","4.627.669,33","4.589.671,17","2.271,99","4.293.844,96","4.622.203,11","26.142,40",260,"4.131.069,26"
2021-07-03,"4.169.495,84","32.393.685,30","110.152.108,13","16.223,72","4.627.669,33","4.589.671,17","2.076,59","4.293.844,96","4.622.203,11","26.864,20",257,"4.169.495,84"
2021-07-04,"5.237.597,86","32.393.685,30","110.152.108,13","18.705,71","4.627.669,33","4.589.671,17","2.149,41","4.293.844,96","4.622.203,11","30.546,20",280,"5.237.597,86"
2021-07-05,"5.321.217,58","64.034.237,16","110.152.108,13","17.446,62","4.573.874,08","4.589.671,17","2.225,45","4.657.090,29","4.622.203,11","27.877,51",305,"5.321.217,58"
2021-07-06,"3.990.130,07","64.034.237,16","110.152.108,13","14.404,80","4.573.874,08","4.589.671,17","2.062,53","4.657.090,29","4.622.203,11","26.555,55",277,"3.990.130,07"
2021-07-07,"4.716.330,81","64.034.237,16","110.152.108,13","17.730,57","4.573.874,08","4.589.671,17","2.256,80","4.657.090,29","4.622.203,11","28.278,30",266,"4.716.330,81"
2021-07-08,"4.653.049,47","64.034.237,16","110.152.108,13","17.492,67","4.573.874,08","4.589.671,17","2.381,11","4.657.090,29","4.622.203,11","27.817,03",266,"4.653.049,47"
2021-07-09,"4.192.620,85","64.034.237,16","110.152.108,13","15.301,54","4.573.874,08","4.589.671,17","2.194,71","4.657.090,29","4.622.203,11","25.253,26",274,"4.192.620,85"
2021-07-10,"4.933.154,24","64.034.237,16","110.152.108,13","17.129,01","4.573.874,08","4.589.671,17","2.267,68","4.657.090,29","4.622.203,11","27.214,57",288,"4.933.154,24"
2021-07-11,"4.082.414,54","64.034.237,16","110.152.108,13","15.641,44","4.573.874,08","4.589.671,17","2.050,72","4.657.090,29","4.622.203,11","26.502,91",261,"4.082.414,54"
2021-07-12,"4.157.548,37","13.724.185,67","110.152.108,13","15.688,86","4.574.728,56","4.589.671,17","2.101,24","4.591.356,74","4.622.203,11","26.879,40",265,"4.157.548,37"
2021-08-01,"4.733.062,09","4.733.062,09","108.218.065,81","17.529,86","4.733.062,09","4.509.086,08","2.149,19","4.733.062,09","4.432.184,86","28.570,38",270,"4.733.062,09"
2021-08-02,"4.457.756,47","62.324.349,39","108.218.065,81","16.571,59","4.451.739,24","4.509.086,08","2.253,03","4.432.184,86","4.432.184,86","27.271,16",269,"4.457.756,47"
2021-08-03,"5.429.072,12","62.324.349,39","108.218.065,81","19.252,03","4.451.739,24","4.509.086,08","2.376,20","4.432.184,86","4.432.184,86","30.918,73",282,"5.429.072,12"
2021-08-04,"4.774.279,33","62.324.349,39","108.218.065,81","16.870,24","4.451.739,24","4.509.086,08","2.137,59","4.432.184,86","4.432.184,86","28.412,07",283,"4.774.279,33"
2021-08-05,"3.875.024,92","62.324.349,39","108.218.065,81","13.888,98","4.451.739,24","4.509.086,08","1.921,88","4.432.184,86","4.432.184,86","25.094,52",279,"3.875.024,92"
2021-08-06,"5.665.311,74","62.324.349,39","108.218.065,81","18.635,89","4.451.739,24","4.509.086,08","2.364,31","4.432.184,86","4.432.184,86","28.643,22",304,"5.665.311,74"
2021-08-07,"5.161.053,84","62.324.349,39","108.218.065,81","18.699,47","4.451.739,24","4.509.086,08","2.169,66","4.432.184,86","4.432.184,86","28.593,85",276,"5.161.053,84"
2021-08-08,"3.833.311,08","62.324.349,39","108.218.065,81","15.272,16","4.451.739,24","4.509.086,08","1.985,44","4.432.184,86","4.432.184,86","26.386,20",251,"3.833.311,08"
2021-08-09,"4.263.628,18","41.160.654,33","108.218.065,81","15.447,93","4.573.406,04","4.509.086,08","2.092,36","4.386.347,27","4.432.184,86","25.197,18",276,"4.263.628,18"
2021-08-10,"4.957.843,21","41.160.654,33","108.218.065,81","17.395,94","4.573.406,04","4.509.086,08","2.350,04","4.386.347,27","4.432.184,86","28.390,01",285,"4.957.843,21"
2021-08-11,"4.506.727,77","41.160.654,33","108.218.065,81","16.691,58","4.573.406,04","4.509.086,08","2.177,73","4.386.347,27","4.432.184,86","27.766,44",270,"4.506.727,77"
2021-08-12,"4.278.712,12","41.160.654,33","108.218.065,81","14.908,40","4.573.406,04","4.509.086,08","2.054,42","4.386.347,27","4.432.184,86","25.622,51",287,"4.278.712,12"
2021-09-01,"4.003.669,82","41.257.754,01","107.602.512,64","16.143,83","4.584.194,89","4.483.438,03","2.086,14","4.376.242,35","4.362.826,21","27.887,93",248,"4.003.669,82"
2021-09-02,"5.460.084,43","41.257.754,01","107.602.512,64","20.682,14","4.584.194,89","4.483.438,03","2.474,37","4.376.242,35","4.362.826,21","30.061,14",264,"5.460.084,43"
2021-09-03,"5.131.755,42","41.257.754,01","107.602.512,64","18.459,55","4.584.194,89","4.483.438,03","2.093,36","4.376.242,35","4.362.826,21","29.249,86",278,"5.131.755,42"
2021-09-04,"5.040.992,97","41.257.754,01","107.602.512,64","18.739,75","4.584.194,89","4.483.438,03","2.196,62","4.376.242,35","4.362.826,21","29.942,29",269,"5.040.992,97"
2021-09-05,"4.015.460,92","41.257.754,01","107.602.512,64","14.708,65","4.584.194,89","4.483.438,03","2.174,50","4.376.242,35","4.362.826,21","26.327,76",273,"4.015.460,92"
2021-09-06,"4.006.482,25","62.241.595,40","107.602.512,64","15.118,80","4.445.828,24","4.483.438,03","1.890,88","4.366.833,33","4.362.826,21","27.050,26",265,"4.006.482,25"
2021-09-07,"5.158.012,14","62.241.595,40","107.602.512,64","18.824,86","4.445.828,24","4.483.438,03","2.335,74","4.366.833,33","4.362.826,21","29.181,35",274,"5.158.012,14"
2021-09-08,"3.857.684,79","62.241.595,40","107.602.512,64","14.448,26","4.445.828,24","4.483.438,03","2.052,57","4.366.833,33","4.362.826,21","26.380,97",267,"3.857.684,79"
2021-09-09,"3.969.858,83","62.241.595,40","107.602.512,64","15.816,17","4.445.828,24","4.483.438,03","2.104,58","4.366.833,33","4.362.826,21","26.780,09",251,"3.969.858,83"
2021-09-10,"4.842.141,31","62.241.595,40","107.602.512,64","16.697,04","4.445.828,24","4.483.438,03","2.174,80","4.366.833,33","4.362.826,21","28.471,95",290,"4.842.141,31"
2021-09-11,"4.781.490,25","62.241.595,40","107.602.512,64","15.832,75","4.445.828,24","4.483.438,03","2.116,97","4.366.833,33","4.362.826,21","26.860,72",302,"4.781.490,25"
2021-09-12,"4.166.556,65","62.241.595,40","107.602.512,64","14.417,15","4.445.828,24","4.483.438,03","2.139,15","4.366.833,33","4.362.826,21","25.082,75",289,"4.166.556,65"
2021-10-01,"3.762.065,52","20.605.789,86","106.195.147,03","14.414,04","4.121.157,97","4.424.797,79","2.049,57","4.228.356,68","4.304.612,54","25.610,77",261,"3.762.065,52"
2021-10-02,"3.895.160,21","20.605.789,86","106.195.147,03","14.215,91","4.121.157,97","4.424.797,79","2.111,68","4.228.356,68","4.304.612,54","24.833,61",274,"3.895.160,21"
2021-10-03,"4.353.235,21","20.605.789,86","106.195.147,03","15.115,40","4.121.157,97","4.424.797,79","2.003,29","4.228.356,68","4.304.612,54","25.907,17",288,"4.353.235,21"
2021-10-04,"3.945.902,17","66.238.697,22","106.195.147,03","15.658,34","4.731.335,52","4.424.797,79","2.153,48","4.799.585,81","4.304.612,54","27.379,32",252,"3.945.902,17"
2021-10-05,"4.977.409,94","66.238.697,22","106.195.147,03","17.464,60","4.731.335,52","4.424.797,79","2.163,44","4.799.585,81","4.304.612,54","27.958,11",285,"4.977.409,94"
2021-10-06,"4.807.387,43","66.238.697,22","106.195.147,03","18.561,34","4.731.335,52","4.424.797,79","2.113,42","4.799.585,81","4.304.612,54","29.527,66",259,"4.807.387,43"
2021-10-07,"4.217.372,50","66.238.697,22","106.195.147,03","16.096,84","4.731.335,52","4.424.797,79","2.008,42","4.799.585,81","4.304.612,54","27.442,19",262,"4.217.372,50"
2021-10-08,"5.267.252,05","66.238.697,22","106.195.147,03","18.162,94","4.731.335,52","4.424.797,79","2.271,81","4.799.585,81","4.304.612,54","30.088,59",290,"5.267.252,05"
2021-10-09,"4.513.355,06","66.238.697,22","106.195.147,03","17.630,29","4.731.335,52","4.424.797,79","2.242,85","4.799.585,81","4.304.612,54","29.338,33",256,"4.513.355,06"
2021-10-10,"4.213.421,02","66.238.697,22","106.195.147,03","16.331,09","4.731.335,52","4.424.797,79","2.057,49","4.799.585,81","4.304.612,54","28.862,30",258,"4.213.421,02"
2021-10-11,"3.944.920,04","19.350.659,95","106.195.147,03","14.503,38","3.870.131,99","4.424.797,79","2.014,57","3.944.920,04","4.304.612,54","26.635,69",272,"3.944.920,04"
2021-10-12,"3.928.762,31","19.350.659,95","106.195.147,03","15.052,73","3.870.131,99","4.424.797,79","2.124,39","3.944.920,04","4.304.612,54","26.147,48",261,"3.928.762,31"
2021-11-01,"4.839.102,39","60.718.624,14","108.377.131,14","17.469,68","4.670.663,40","4.515.713,80","2.099,24","4.736.570,66","4.490.867,98","28.966,57",277,"4.839.102,39"
2021-11-02,"4.537.568,56","60.718.624,14","108.377.131,14","16.322,19","4.670.663,40","4.515.713,80","2.189,26","4.736.570,66","4.490.867,98","27.806,61",278,"4.537.568,56"
2021-11-03,"4.424.590,96","60.718.624,14","108.377.131,14","15.973,25","4.670.663,40","4.515.713,80","2.322,17","4.736.570,66","4.490.867,98","26.122,42",277,"4.424.590,96"
2021-11-04,"3.338.969,77","60.718.624,14","108.377.131,14","13.042,85","4.670.663,40","4.515.713,80","2.006,60","4.736.570,66","4.490.867,98","24.428,92",256,"3.338.969,77"
2021-11-05,"4.470.915,46","60.718.624,14","108.377.131,14","15.742,66","4.670.663,40","4.515.713,80","2.065,86","4.736.570,66","4.490.867,98","26.898,92",284,"4.470.915,46"
2021-11-06,"4.756.892,05","60.718.624,14","108.377.131,14","15.647,67","4.670.663,40","4.515.713,80","2.052,39","4.736.570,66","4.490.867,98","27.471,60",304,"4.756.892,05"
2021-11-07,"5.708.121,73","60.718.624,14","108.377.131,14","19.090,71","4.670.663,40","4.515.713,80","2.383,77","4.736.570,66","4.490.867,98","28.896,69",299,"5.708.121,73"
2021-11-08,"4.393.634,65","47.658.507,00","108.377.131,14","16.272,72","4.332.591,55","4.515.713,80","2.165,22","4.316.354,76","4.490.867,98","28.165,43",270,"4.393.634,65"
2021-11-09,"4.669.165,54","47.658.507,00","108.377.131,14","17.619,49","4.332.591,55","4.515.713,80","2.096,99","4.316.354,76","4.490.867,98","26.970,35",265,"4.669.165,54"
2021-11-10,"5.027.941,41","47.658.507,00","108.377.131,14","17.641,90","4.332.591,55","4.515.713,80","2.152,53","4.316.354,76","4.490.867,98","29.667,96",285,"5.027.941,41"
2021-11-11,"3.783.810,32","47.658.507,00","108.377.131,14","15.074,94","4.332.591,55","4.515.713,80","1.919,65","4.316.354,76","4.490.867,98","26.846,12",251,"3.783.810,32"
2021-11-12,"4.191.774,81","47.658.507,00","108.377.131,14","14.404,72","4.332.591,55","4.515.713,80","1.947,05","4.316.354,76","4.490.867,98","25.722,59",291,"4.191.774,81"
2021-12-01,"3.961.638,28","42.346.867,62","107.424.420,42","14.353,76","4.705.207,51","4.476.017,52","2.039,80","4.561.042,36","4.361.959,57","25.256,08",276,"3.961.638,28"
2021-12-02,"4.236.668,64","42.346.867,62","107.424.420,42","15.130,96","4.705.207,51","4.476.017,52","2.045,47","4.561.042,36","4.361.959,57","27.643,33",280,"4.236.668,64"
2021-12-03,"5.294.351,24","42.346.867,62","107.424.420,42","18.511,72","4.705.207,51","4.476.017,52","2.072,51","4.561.042,36","4.361.959,57","29.223,53",286,"5.294.351,24"
2021-12-04,"4.988.587,06","42.346.867,62","107.424.420,42","17.944,56","4.705.207,51","4.476.017,52","2.248,51","4.561.042,36","4.361.959,57","27.821,73",278,"4.988.587,06"
2021-12-05,"4.561.042,36","42.346.867,62","107.424.420,42","17.342,37","4.705.207,51","4.476.017,52","2.163,25","4.561.042,36","4.361.959,57","28.540,43",263,"4.561.042,36"
2021-12-06,"3.792.959,06","60.871.560,22","107.424.420,42","15.356,11","4.347.968,59","4.476.017,52","2.096,94","4.316.698,83","4.361.959,57","26.089,78",247,"3.792.959,06"
2021-12-07,"4.293.792,33","60.871.560,22","107.424.420,42","15.013,26","4.347.968,59","4.476.017,52","2.095,49","4.316.698,83","4.361.959,57","26.723,24",286,"4.293.792,33"
2021-12-08,"4.732.913,97","60.871.560,22","107.424.420,42","16.098,35","4.347.968,59","4.476.017,52","2.252,08","4.316.698,83","4.361.959,57","27.513,20",294,"4.732.913,97"
2021-12-09,"4.565.264,89","60.871.560,22","107.424.420,42","17.358,42","4.347.968,59","4.476.017,52","2.378,45","4.316.698,83","4.361.959,57","28.594,37",263,"4.565.264,89"
2021-12-10,"4.322.997,15","60.871.560,22","107.424.420,42","18.714,27","4.347.968,59","4.476.017,52","2.201,96","4.316.698,83","4.361.959,57","28.393,82",231,"4.322.997,15"
2021-12-11,"4.310.400,51","60.871.560,22","107.424.420,42","15.505,04","4.347.968,59","4.476.017,52","2.018,32","4.316.698,83","4.361.959,57","27.419,67",278,"4.310.400,51"
2021-12-12,"4.605.096,36","60.871.560,22","107.424.420,42","16.565,09","4.347.968,59","4.476.017,52","2.124,40","4.316.698,83","4.361.959,57","27.673,23",278,"4.605.096,36"
2022-01-01,"4.614.513,82","8.793.564,97","109.749.101,97","17.027,73","4.396.782,49","4.572.879,25","2.173,54","4.396.782,49","4.580.789,91","27.686,68",271,"4.614.513,82"
2022-01-02,"4.179.051,15","8.793.564,97","109.749.101,97","14.766,97","4.396.782,49","4.572.879,25","2.128,01","4.396.782,49","4.580.789,91","25.104,81",283,"4.179.051,15"
2022-01-03,"3.701.530,96","64.379.148,29","109.749.101,97","15.618,27","4.598.510,59","4.572.879,25","2.047,58","4.580.789,91","4.580.789,91","27.779,03",237,"3.701.530,96"
2022-01-04,"4.319.086,88","64.379.148,29","109.749.101,97","15.705,77","4.598.510,59","4.572.879,25","2.300,76","4.580.789,91","4.580.789,91","25.874,51",275,"4.319.086,88"
2022-01-05,"4.560.583,20","64.379.148,29","109.749.101,97","16.523,85","4.598.510,59","4.572.879,25","2.208,35","4.580.789,91","4.580.789,91","27.814,06",276,"4.560.583,20"
2022-01-06,"4.307.483,81","64.379.148,29","109.749.101,97","17.653,62","4.598.510,59","4.572.879,25","2.272,24","4.580.789,91","4.580.789,91","28.367,65",244,"4.307.483,81"
2022-01-07,"5.114.324,07","64.379.148,29","109.749.101,97","19.746,42","4.598.510,59","4.572.879,25","2.182,84","4.580.789,91","4.580.789,91","30.347,78",259,"5.114.324,07"
2022-01-08,"5.302.260,27","64.379.148,29","109.749.101,97","18.034,90","4.598.510,59","4.572.879,25","2.217,33","4.580.789,91","4.580.789,91","30.069,84",294,"5.302.260,27"
2022-01-09,"4.600.996,62","64.379.148,29","109.749.101,97","17.902,71","4.598.510,59","4.572.879,25","2.362,87","4.580.789,91","4.580.789,91","28.256,53",257,"4.600.996,62"
2022-01-10,"4.750.361,86","23.034.902,64","109.749.101,97","16.324,27","4.606.980,53","4.572.879,25","2.066,99","4.510.093,62","4.580.789,91","27.010,71",291,"4.750.361,86"
2022-01-11,"3.982.835,45","23.034.902,64","109.749.101,97","15.201,66","4.606.980,53","4.572.879,25","2.127,28","4.510.093,62","4.580.789,91","26.388,05",262,"3.982.835,45"
2022-01-12,"4.510.093,62","23.034.902,64","109.749.101,97","16.704,05","4.606.980,53","4.572.879,25","2.172,67","4.510.093,62","4.580.789,91","28.270,00",270,"4.510.093,62"
2022-02-01,"5.009.446,39","60.260.128,47","108.416.625,96","16.810,22","4.635.394,50","4.517.359,42","2.157,58","4.650.834,70","4.619.535,38","28.039,12",298,"5.009.446,39"
2022-02-02,"5.008.225,91","60.260.128,47","108.416.625,96","16.052,01","4.635.394,50","4.517.359,42","1.994,06","4.650.834,70","4.619.535,38","27.874,63",312,"5.008.225,91"
2022-02-03,"4.945.689,87","60.260.128,47","108.416.625,96","17.790,25","4.635.394,50","4.517.359,42","2.299,01","4.650.834,70","4.619.535,38","28.196,56",278,"4.945.689,87"
2022-02-04,"4.650.834,70","60.260.128,47","108.416.625,96","16.850,85","4.635.394,50","4.517.359,42","2.106,09","4.650.834,70","4.619.535,38","27.544,25",276,"4.650.834,70"
2022-02-05,"6.243.658,67","60.260.128,47","108.416.625,96","21.236,93","4.635.394,50","4.517.359,42","2.262,30","4.650.834,70","4.619.535,38","31.697,57",294,"6.243.658,67"
2022-02-06,"4.362.086,47","60.260.128,47","108.416.625,96","15.862,13","4.635.394,50","4.517.359,42","2.056,48","4.650.834,70","4.619.535,38","27.439,37",275,"4.362.086,47"
2022-02-07,"4.753.478,14","48.156.497,49","108.416.625,96","16.620,55","4.377.863,41","4.517.359,42","2.213,74","4.421.721,02","4.619.535,38","27.004,22",286,"4.753.478,14"
2022-02-08,"4.293.862,48","48.156.497,49","108.416.625,96","16.021,87","4.377.863,41","4.517.359,42","1.986,09","4.421.721,02","4.619.535,38","27.669,00",268,"4.293.862,48"
2022-02-09,"4.786.037,21","48.156.497,49","108.416.625,96","16.618,18","4.377.863,41","4.517.359,42","2.047,64","4.421.721,02","4.619.535,38","27.466,06",288,"4.786.037,21"
2022-02-10,"4.871.333,97","48.156.497,49","108.416.625,96","16.855,83","4.377.863,41","4.517.359,42","2.235,19","4.421.721,02","4.619.535,38","27.937,80",289,"4.871.333,97"
2022-02-11,"3.785.694,97","48.156.497,49","108.416.625,96","14.449,22","4.377.863,41","4.517.359,42","1.975,65","4.421.721,02","4.619.535,38","26.186,87",262,"3.785.694,97"
2022-02-12,"3.515.980,45","48.156.497,49","108.416.625,96","13.267,85","4.377.863,41","4.517.359,42","2.122,87","4.421.721,02","4.619.535,38","23.858,82",265,"3.515.980,45"
2022-03-01,"4.594.622,20","58.487.713,95","110.569.480,60","18.089,06","4.499.054,92","4.607.061,69","2.372,64","4.451.096,13","4.618.984,99","27.945,22",254,"4.594.622,20"
2022-03-02,"4.451.096,13","58.487.713,95","110.569.480,60","16.304,38","4.499.054,92","4.607.061,69","2.108,90","4.451.096,13","4.618.984,99","26.460,66",273,"4.451.096,13"
2022-03-03,"4.752.024,76","58.487.713,95","110.569.480,60","16.673,77","4.499.054,92","4.607.061,69","2.346,21","4.451.096,13","4.618.984,99","27.628,20",285,"4.752.024,76"
2022-03-04,"3.860.689,81","58.487.713,95","110.569.480,60","14.038,87","4.499.054,92","4.607.061,69","1.940,01","4.451.096,13","4.618.984,99","25.027,77",275,"3.860.689,81"
2022-03-05,"4.103.124,63","58.487.713,95","110.569.480,60","15.367,51","4.499.054,92","4.607.061,69","1.878,14","4.451.096,13","4.618.984,99","27.631,49",267,"4.103.124,63"
2022-03-06,"4.343.380,94","58.487.713,95","110.569.480,60","15.347,64","4.499.054,92","4.607.061,69","1.966,54","4.451.096,13","4.618.984,99","26.890,89",283,"4.343.380,94"
2022-03-07,"5.000.008,75","52.081.766,65","110.569.480,60","18.382,39","4.734.706,06","4.607.061,69","2.145,31","4.806.110,58","4.618.984,99","28.565,89",272,"5.000.008,75"
2022-03-08,"5.261.192,40","52.081.766,65","110.569.480,60","17.537,31","4.734.706,06","4.607.061,69","2.185,16","4.806.110,58","4.618.984,99","28.340,97",300,"5.261.192,40"
2022-03-09,"4.526.782,12","52.081.766,65","110.569.480,60","14.555,57","4.734.706,06","4.607.061,69","2.145,31","4.806.110,58","4.618.984,99","24.953,64",311,"4.526.782,12"
2022-03-10,"4.271.894,17","52.081.766,65","110.569.480,60","15.880,65","4.734.706,06","4.607.061,69","2.188,79","4.806.110,58","4.618.984,99","25.242,03",269,"4.271.894,17"
2022-03-11,"4.219.804,18","52.081.766,65","110.569.480,60","15.400,75","4.734.706,06","4.607.061,69","2.224,80","4.806.110,58","4.618.984,99","26.851,61",274,"4.219.804,18"
2022-03-12,"5.162.440,45","52.081.766,65","110.569.480,60","16.981,71","4.734.706,06","4.607.061,69","2.010,09","4.806.110,58","4.618.984,99","27.825,22",304,"5.162.440,45"
2022-04-01,"4.180.829,09","31.541.566,26","108.161.595,84","16.142,20","4.505.938,04","4.506.733,16","2.050,13","4.382.113,25","4.496.261,25","28.048,64",259,"4.180.829,09"
2022-04-02,"4.382.113,25","31.541.566,26","108.161.595,84","16.474,11","4.505.938,04","4.506.733,16","2.386,76","4.382.113,25","4.496.261,25","27.956,99",266,"4.382.113,25"
2022-04-03,"3.935.390,25","31.541.566,26","108.161.595,84","14.739,29","4.505.938,04","4.506.733,16","1.826,20","4.382.113,25","4.496.261,25","27.008,99",267,"3.935.390,25"
2022-04-04,"5.319.008,26","62.800.052,01","108.161.595,84","19.133,12","4.485.718,00","4.506.733,16","2.316,61","4.547.709,37","4.496.261,25","29.734,66",278,"5.319.008,26"
2022-04-05,"4.747.330,05","62.800.052,01","108.161.595,84","16.257,98","4.485.718,00","4.506.733,16","2.015,34","4.547.709,37","4.496.261,25","27.784,92",292,"4.747.330,05"
2022-04-06,"4.381.186,17","62.800.052,01","108.161.595,84","15.931,59","4.485.718,00","4.506.733,16","2.179,35","4.547.709,37","4.496.261,25","27.446,20",275,"4.381.186,17"
2022-04-07,"3.413.168,31","62.800.052,01","108.161.595,84","12.366,55","4.485.718,00","4.506.733,16","2.017,92","4.547.709,37","4.496.261,25","24.331,14",276,"3.413.168,31"
2022-04-08,"5.115.866,90","62.800.052,01","108.161.595,84","18.603,15","4.485.718,00","4.506.733,16","2.300,06","4.547.709,37","4.496.261,25","29.629,06",275,"5.115.866,90"
2022-04-09,"3.840.706,39","62.800.052,01","108.161.595,84","15.486,72","4.485.718,00","4.506.733,16","2.291,72","4.547.709,37","4.496.261,25","25.383,72",248,"3.840.706,39"
2022-04-10,"5.417.954,15","62.800.052,01","108.161.595,84","17.763,78","4.485.718,00","4.506.733,16","2.325,37","4.547.709,37","4.496.261,25","28.236,61",305,"5.417.954,15"
2022-04-11,"4.088.132,96","13.819.977,57","108.161.595,84","14.974,85","4.606.659,19","4.506.733,16","2.120,31","4.783.226,72","4.496.261,25","26.324,83",273,"4.088.132,96"
2022-04-12,"4.948.617,89","13.819.977,57","108.161.595,84","18.464,99","4.606.659,19","4.506.733,16","2.077,45","4.783.226,72","4.496.261,25","29.104,94",268,"4.948.617,89"
2022-05-01,"5.362.501,49","13.822.432,52","106.555.661,27","19.220,44","4.607.477,51","4.439.819,22","2.261,50","4.991.946,42","4.490.352,17","29.698,00",279,"5.362.501,49"
2022-05-02,"4.868.727,59","62.994.963,74","106.555.661,27","18.372,56","4.499.640,27","4.439.819,22","2.141,13","4.677.621,52","4.490.352,17","29.423,44",265,"4.868.727,59"
2022-05-03,"4.784.496,88","62.994.963,74","106.555.661,27","17.786,23","4.499.640,27","4.439.819,22","2.099,88","4.677.621,52","4.490.352,17","28.857,08",269,"4.784.496,88"
2022-05-04,"4.731.368,00","62.994.963,74","106.555.661,27","17.458,92","4.499.640,27","4.439.819,22","2.312,28","4.677.621,52","4.490.352,17","27.763,21",271,"4.731.368,00"
2022-05-05,"4.056.880,89","62.994.963,74","106.555.661,27","15.543,60","4.499.640,27","4.439.819,22","2.228,43","4.677.621,52","4.490.352,17","27.070,84",261,"4.056.880,89"
2022-05-06,"4.163.146,97","62.994.963,74","106.555.661,27","16.012,10","4.499.640,27","4.439.819,22","2.068,96","4.677.621,52","4.490.352,17","28.184,13",260,"4.163.146,97"
2022-05-07,"4.779.696,91","62.994.963,74","106.555.661,27","15.418,38","4.499.640,27","4.439.819,22","2.195,52","4.677.621,52","4.490.352,17","26.506,17",310,"4.779.696,91"
2022-05-08,"4.623.875,04","62.994.963,74","106.555.661,27","16.573,03","4.499.640,27","4.439.819,22","2.088,43","4.677.621,52","4.490.352,17","28.460,88",279,"4.623.875,04"
2022-05-09,"4.323.054,74","29.738.265,01","106.555.661,27","16.011,31","4.248.323,57","4.439.819,22","2.220,25","4.323.054,74","4.490.352,17","26.328,36",270,"4.323.054,74"
2022-05-10,"3.992.132,25","29.738.265,01","106.555.661,27","14.676,96","4.248.323,57","4.439.819,22","2.193,22","4.323.054,74","4.490.352,17","26.959,03",272,"3.992.132,25"
2022-05-11,"3.840.235,69","29.738.265,01","106.555.661,27","14.329,24","4.248.323,57","4.439.819,22","2.298,90","4.323.054,74","4.490.352,17","25.241,75",268,"3.840.235,69"
2022-05-12,"4.356.829,30","29.738.265,01","106.555.661,27","15.395,16","4.248.323,57","4.439.819,22","2.157,17","4.323.054,74","4.490.352,17","26.587,82",283,"4.356.829,30"
2022-06-01,"4.220.070,46","52.746.867,43","108.931.240,88","16.614,45","4.795.169,77","4.538.801,70","2.299,56","4.763.694,54","4.542.392,54","27.157,67",254,"4.220.070,46"
2022-06-02,"4.691.767,88","52.746.867,43","108.931.240,88","18.842,44","4.795.169,77","4.538.801,70","2.243,09","4.763.694,54","4.542.392,54","28.584,17",249,"4.691.767,88"
2022-06-03,"4.763.694,54","52.746.867,43","108.931.240,88","16.598,24","4.795.169,77","4.538.801,70","2.080,60","4.763.694,54","4.542.392,54","27.610,88",287,"4.763.694,54"
2022-06-04,"4.524.734,73","52.746.867,43","108.931.240,88","16.159,77","4.795.169,77","4.538.801,70","2.165,01","4.763.694,54","4.542.392,54","28.241,46",280,"4.524.734,73"
2022-06-05,"4.186.252,33","52.746.867,43","108.931.240,88","16.225,78","4.795.169,77","4.538.801,70","2.262,38","4.763.694,54","4.542.392,54","26.587,17",258,"4.186.252,33"
2022-06-06,"4.378.224,47","56.184.373,45","108.931.240,88","16.839,32","4.321.874,88","4.538.801,70","1.927,11","4.378.224,47","4.542.392,54","28.448,74",260,"4.378.224,47"
2022-06-07,"4.442.185,97","56.184.373,45","108.931.240,88","16.637,40","4.321.874,88","4.538.801,70","2.293,62","4.378.224,47","4.542.392,54","28.099,77",267,"4.442.185,97"
2022-06-08,"4.220.167,36","56.184.373,45","108.931.240,88","15.805,87","4.321.874,88","4.538.801,70","2.065,78","4.378.224,47","4.542.392,54","27.366,58",267,"4.220.167,36"
2022-06-09,"4.675.291,26","56.184.373,45","108.931.240,88","17.776,77","4.321.874,88","4.538.801,70","2.225,57","4.378.224,47","4.542.392,54","28.780,68",263,"4.675.291,26"
2022-06-10,"3.672.370,60","56.184.373,45","108.931.240,88","14.630,96","4.321.874,88","4.538.801,70","1.891,26","4.378.224,47","4.542.392,54","25.367,38",251,"3.672.370,60"
2022-06-11,"4.103.479,72","56.184.373,45","108.931.240,88","14.101,30","4.321.874,88","4.538.801,70","2.072,98","4.378.224,47","4.542.392,54","24.966,57",291,"4.103.479,72"
2022-06-12,"4.463.838,05","56.184.373,45","108.931.240,88","15.829,21","4.321.874,88","4.538.801,70","2.265,78","4.378.224,47","4.542.392,54","25.797,93",282,"4.463.838,05"
2022-07-01,"5.365.733,12","32.393.685,30","110.152.108,13","19.163,33","4.627.669,33","4.589.671,17","2.181,62","4.293.844,96","4.622.203,11","30.069,24",280,"5.365.733,12"
2022-07-02,"4.293.844,96","32.393.685,30","110.152.108,13","16.021,81","4.627.669,33","4.589.671,17","1.981,73","4.293.844,96","4.622.203,11","27.340,99",268,"4.293.844,96"
2022-07-03,"4.081.343,02","32.393.685,30","110.152.108,13","15.577,65","4.627.669,33","4.589.671,17","2.069,64","4.293.844,96","4.622.203,11","27.592,95",262,"4.081.343,02"
2022-07-04,"4.661.131,11","64.034.237,16","110.152.108,13","16.587,66","4.573.874,08","4.589.671,17","2.266,78","4.657.090,29","4.622.203,11","28.198,84",281,"4.661.131,11"
2022-07-05,"5.498.751,19","64.034.237,16","110.152.108,13","18.767,07","4.573.874,08","4.589.671,17","2.249,92","4.657.090,29","4.622.203,11","30.000,25",293,"5.498.751,19"
2022-07-06,"4.126.666,41","64.034.237,16","110.152.108,13","15.171,57","4.573.874,08","4.589.671,17","2.129,98","4.657.090,29","4.622.203,11","25.965,06",272,"4.126.666,41"
2022-07-07,"4.414.806,30","64.034.237,16","110.152.108,13","16.290,80","4.573.874,08","4.589.671,17","2.132,05","4.657.090,29","4.622.203,11","28.336,91",271,"4.414.806,30"
2022-07-08,"4.787.798,97","64.034.237,16","110.152.108,13","18.414,61","4.573.874,08","4.589.671,17","2.133,99","4.657.090,29","4.622.203,11","28.944,72",260,"4.787.798,97"
2022-07-09,"3.811.968,45","64.034.237,16","110.152.108,13","13.963,25","4.573.874,08","4.589.671,17","2.105,24","4.657.090,29","4.622.203,11","25.272,61",273,"3.811.968,45"
2022-07-10,"4.844.197,17","64.034.237,16","110.152.108,13","15.727,91","4.573.874,08","4.589.671,17","2.102,06","4.657.090,29","4.622.203,11","26.107,93",308,"4.844.197,17"
2022-07-11,"4.975.280,56","13.724.185,67","110.152.108,13","17.038,63","4.574.728,56","4.589.671,17","2.346,99","4.591.356,74","4.622.203,11","26.978,83",292,"4.975.280,56"
2022-07-12,"4.591.356,74","13.724.185,67","110.152.108,13","15.670,16","4.574.728,56","4.589.671,17","2.005,24","4.591.356,74","4.622.203,11","26.525,25",293,"4.591.356,74"
2022-08-01,"4.222.656,49","62.324.349,39","108.218.065,81","17.165,27","4.451.739,24","4.509.086,08","2.097,42","4.432.184,86","4.432.184,86","28.851,18",246,"4.222.656,49"
2022-08-02,"4.406.613,25","62.324.349,39","108.218.065,81","16.883,58","4.451.739,24","4.509.086,08","2.214,81","4.432.184,86","4.432.184,86","27.075,71",261,"4.406.613,25"
2022-08-03,"3.850.260,95","62.324.349,39","108.218.065,81","14.639,78","4.451.739,24","4.509.086,08","1.927,88","4.432.184,86","4.432.184,86","26.506,31",263,"3.850.260,95"
2022-08-04,"3.082.943,63","62.324.349,39","108.218.065,81","12.233,90","4.451.739,24","4.509.086,08","1.886,03","4.432.184,86","4.432.184,86","23.656,68",252,"3.082.943,63"
2022-08-05,"4.798.257,64","62.324.349,39","108.218.065,81","17.322,23","4.451.739,24","4.509.086,08","2.182,67","4.432.184,86","4.432.184,86","28.217,46",277,"4.798.257,64"
2022-08-06,"4.182.587,89","62.324.349,39","108.218.065,81","14.226,49","4.451.739,24","4.509.086,08","2.146,05","4.432.184,86","4.432.184,86","24.235,39",294,"4.182.587,89"
2022-08-07,"4.585.220,04","62.324.349,39","108.218.065,81","17.173,11","4.451.739,24","4.509.086,08","2.066,19","4.432.184,86","4.432.184,86","28.818,44",267,"4.585.220,04"
2022-08-08,"4.386.347,27","41.160.654,33","108.218.065,81","16.490,03","4.573.406,04","4.509.086,08","2.286,72","4.386.347,27","4.432.184,86","28.367,44",266,"4.386.347,27"
2022-08-09,"4.251.035,05","41.160.654,33","108.218.065,81","15.514,73","4.573.406,04","4.509.086,08","2.045,17","4.386.347,27","4.432.184,86","26.825,33",274,"4.251.035,05"
2022-08-10,"4.379.691,03","41.160.654,33","108.218.065,81","18.479,71","4.573.406,04","4.509.086,08","2.230,64","4.386.347,27","4.432.184,86","28.152,66",237,"4.379.691,03"
2022-08-11,"4.471.661,76","41.160.654,33","108.218.065,81","16.201,67","4.573.406,04","4.509.086,08","2.168,27","4.386.347,27","4.432.184,86","27.459,72",276,"4.471.661,76"
2022-08-12,"5.665.007,94","41.160.654,33","108.218.065,81","18.099,07","4.573.406,04","4.509.086,08","2.164,00","4.386.347,27","4.432.184,86","28.851,56",313,"5.665.007,94"
2022-09-01,"4.895.382,90","41.257.754,01","107.602.512,64","17.116,72","4.584.194,89","4.483.438,03","2.140,98","4.376.242,35","4.362.826,21","27.678,70",286,"4.895.382,90"
2022-09-02,"4.177.311,69","41.257.754,01","107.602.512,64","14.160,38","4.584.194,89","4.483.438,03","2.079,50","4.376.242,35","4.362.826,21","25.899,99",295,"4.177.311,69"
2022-09-03,"4.376.242,35","41.257.754,01","107.602.512,64","16.329,26","4.584.194,89","4.483.438,03","2.014,05","4.376.242,35","4.362.826,21","28.159,68",268,"4.376.242,35"
2022-09-04,"4.156.853,51","41.257.754,01","107.602.512,64","15.926,64","4.584.194,89","4.483.438,03","1.878,39","4.376.242,35","4.362.826,21","27.160,42",261,"4.156.853,51"
2022-09-05,"4.776.171,65","62.241.595,40","107.602.512,64","18.229,66","4.445.828,24","4.483.438,03","2.020,90","4.366.833,33","4.362.826,21","29.614,19",262,"4.776.171,65"
2022-09-06,"4.181.358,53","62.241.595,40","107.602.512,64","15.959,38","4.445.828,24","4.483.438,03","2.141,40","4.366.833,33","4.362.826,21","27.722,23",262,"4.181.358,53"
2022-09-07,"4.384.256,60","62.241.595,40","107.602.512,64","17.397,84","4.445.828,24","4.483.438,03","2.191,82","4.366.833,33","4.362.826,21","27.614,85",252,"4.384.256,60"
2022-09-08,"4.727.447,10","62.241.595,40","107.602.512,64","17.380,32","4.445.828,24","4.483.438,03","2.353,18","4.366.833,33","4.362.826,21","26.906,58",272,"4.727.447,10"
2022-09-09,"4.099.827,18","62.241.595,40","107.602.512,64","16.204,85","4.445.828,24","4.483.438,03","2.169,69","4.366.833,33","4.362.826,21","26.863,67",253,"4.099.827,18"
2022-09-10,"4.940.898,06","62.241.595,40","107.602.512,64","18.436,19","4.445.828,24","4.483.438,03","2.249,53","4.366.833,33","4.362.826,21","29.519,70",268,"4.940.898,06"
2022-09-11,"4.349.410,06","62.241.595,40","107.602.512,64","15.589,28","4.445.828,24","4.483.438,03","2.150,58","4.366.833,33","4.362.826,21","27.415,18",279,"4.349.410,06"
2022-09-12,"4.103.163,23","4.103.163,23","107.602.512,64","17.168,05","4.103.163,23","4.483.438,03","2.238,71","4.103.163,23","4.362.826,21","28.219,15",239,"4.103.163,23"
2022-10-01,"4.228.356,68","20.605.789,86","106.195.147,03","15.264,83","4.121.157,97","4.424.797,79","2.014,69","4.228.356,68","4.304.612,54","27.563,49",277,"4.228.356,68"
2022-10-02,"4.366.972,24","20.605.789,86","106.195.147,03","17.058,49","4.121.157,97","4.424.797,79","2.165,20","4.228.356,68","4.304.612,54","27.446,68",256,"4.366.972,24"
2022-10-03,"4.930.545,06","66.238.697,22","106.195.147,03","18.329,16","4.731.335,52","4.424.797,79","2.204,10","4.799.585,81","4.304.612,54","29.372,99",269,"4.930.545,06"
2022-10-04,"4.683.660,11","66.238.697,22","106.195.147,03","17.411,38","4.731.335,52","4.424.797,79","2.078,97","4.799.585,81","4.304.612,54","28.022,29",269,"4.683.660,11"
2022-10-05,"5.331.314,70","66.238.697,22","106.195.147,03","19.745,61","4.731.335,52","4.424.797,79","2.181,14","4.799.585,81","4.304.612,54","30.518,67",270,"5.331.314,70"
2022-10-06,"4.791.784,20","66.238.697,22","106.195.147,03","16.872,48","4.731.335,52","4.424.797,79","2.018,93","4.799.585,81","4.304.612,54","27.344,00",284,"4.791.784,20"
2022-10-07,"4.969.755,75","66.238.697,22","106.195.147,03","16.510,82","4.731.335,52","4.424.797,79","2.079,46","4.799.585,81","4.304.612,54","28.447,87",301,"4.969.755,75"
2022-10-08,"5.333.547,37","66.238.697,22","106.195.147,03","19.116,66","4.731.335,52","4.424.797,79","2.143,68","4.799.585,81","4.304.612,54","29.354,56",279,"5.333.547,37"
2022-10-09,"4.255.989,86","66.238.697,22","106.195.147,03","14.427,08","4.731.335,52","4.424.797,79","2.133,94","4.799.585,81","4.304.612,54","24.880,28",295,"4.255.989,86"
2022-10-10,"4.000.335,10","19.350.659,95","106.195.147,03","14.926,62","3.870.131,99","4.424.797,79","2.076,07","3.944.920,04","4.304.612,54","27.088,04",268,"4.000.335,10"
2022-10-11,"3.396.065,06","19.350.659,95","106.195.147,03","13.476,45","3.870.131,99","4.424.797,79","2.290,95","3.944.920,04","4.304.612,54","24.516,78",252,"3.396.065,06"
2022-10-12,"4.080.577,44","19.350.659,95","106.195.147,03","15.169,43","3.870.131,99","4.424.797,79","2.238,84","3.944.920,04","4.304.612,54","26.237,47",269,"4.080.577,44"
2022-11-01,"4.510.820,51","60.718.624,14","108.377.131,14","16.523,15","4.670.663,40","4.515.713,80","2.260,54","4.736.570,66","4.490.867,98","28.612,22",273,"4.510.820,51"
2022-11-02,"5.134.271,46","60.718.624,14","108.377.131,14","18.014,99","4.670.663,40","4.515.713,80","1.989,48","4.736.570,66","4.490.867,98","29.020,50",285,"5.134.271,46"
2022-11-03,"4.267.052,25","60.718.624,14","108.377.131,14","16.411,74","4.670.663,40","4.515.713,80","2.282,23","4.736.570,66","4.490.867,98","26.808,47",260,"4.267.052,25"
2022-11-04,"4.919.083,19","60.718.624,14","108.377.131,14","16.904,07","4.670.663,40","4.515.713,80","2.337,61","4.736.570,66","4.490.867,98","27.008,00",291,"4.919.083,19"
2022-11-05,"5.074.665,15","60.718.624,14","108.377.131,14","16.972,12","4.670.663,40","4.515.713,80","2.214,56","4.736.570,66","4.490.867,98","27.379,53",299,"5.074.665,15"
2022-11-06,"4.736.570,66","60.718.624,14","108.377.131,14","15.580,82","4.670.663,40","4.515.713,80","2.093,21","4.736.570,66","4.490.867,98","26.420,65",304,"4.736.570,66"
2022-11-07,"4.316.354,76","47.658.507,00","108.377.131,14","16.926,88","4.332.591,55","4.515.713,80","2.229,27","4.316.354,76","4.490.867,98","27.658,96",255,"4.316.354,76"
2022-11-08,"3.748.668,09","47.658.507,00","108.377.131,14","14.199,50","4.332.591,55","4.515.713,80","2.044,53","4.316.354,76","4.490.867,98","25.895,94",264,"3.748.668,09"
2022-11-09,"4.122.417,57","47.658.507,00","108.377.131,14","16.229,99","4.332.591,55","4.515.713,80","2.098,97","4.316.354,76","4.490.867,98","26.131,59",254,"4.122.417,57"
2022-11-10,"4.250.965,18","47.658.507,00","108.377.131,14","15.981,07","4.332.591,55","4.515.713,80","2.015,95","4.316.354,76","4.490.867,98","26.709,39",266,"4.250.965,18"
2022-11-11,"4.747.820,02","47.658.507,00","108.377.131,14","17.782,10","4.332.591,55","4.515.713,80","2.251,36","4.316.354,76","4.490.867,98","28.674,37",267,"4.747.820,02"
2022-11-12,"4.405.954,65","47.658.507,00","108.377.131,14","16.563,74","4.332.591,55","4.515.713,80","2.247,16","4.316.354,76","4.490.867,98","28.048,40",266,"4.405.954,65"
2022-12-01,"5.023.230,94","42.346.867,62","107.424.420,42","18.069,18","4.705.207,51","4.476.017,52","2.361,00","4.561.042,36","4.361.959,57","29.292,43",278,"5.023.230,94"
2022-12-02,"4.537.306,91","42.346.867,62","107.424.420,42","16.032,89","4.705.207,51","4.476.017,52","1.927,89","4.561.042,36","4.361.959,57","27.321,59",283,"4.537.306,91"
2022-12-03,"5.590.081,76","42.346.867,62","107.424.420,42","19.752,94","4.705.207,51","4.476.017,52","2.268,92","4.561.042,36","4.361.959,57","29.566,99",283,"5.590.081,76"
2022-12-04,"4.153.960,43","42.346.867,62","107.424.420,42","15.215,97","4.705.207,51","4.476.017,52","2.053,01","4.561.042,36","4.361.959,57","26.119,78",273,"4.153.960,43"
2022-12-05,"4.400.921,99","60.871.560,22","107.424.420,42","16.299,71","4.347.968,59","4.476.017,52","2.115,70","4.316.698,83","4.361.959,57","27.432,02",270,"4.400.921,99"
2022-12-06,"4.212.474,38","60.871.560,22","107.424.420,42","18.002,03","4.347.968,59","4.476.017,52","2.194,68","4.316.698,83","4.361.959,57","27.748,15",234,"4.212.474,38"
2022-12-07,"4.065.819,95","60.871.560,22","107.424.420,42","14.166,62","4.347.968,59","4.476.017,52","2.145,19","4.316.698,83","4.361.959,57","25.970,39",287,"4.065.819,95"
2022-12-08,"4.858.753,63","60.871.560,22","107.424.420,42","15.424,61","4.347.968,59","4.476.017,52","2.079,65","4.316.698,83","4.361.959,57","26.651,80",315,"4.858.753,63"
2022-12-09,"4.220.050,99","60.871.560,22","107.424.420,42","16.045,82","4.347.968,59","4.476.017,52","2.128,36","4.316.698,83","4.361.959,57","28.551,07",263,"4.220.050,99"
2022-12-10,"5.087.445,30","60.871.560,22","107.424.420,42","17.245,58","4.347.968,59","4.476.017,52","2.011,76","4.316.698,83","4.361.959,57","28.622,42",295,"5.087.445,30"
2022-12-11,"3.402.669,71","60.871.560,22","107.424.420,42","14.666,68","4.347.968,59","4.476.017,52","2.066,19","4.316.698,83","4.361.959,57","27.152,89",232,"3.402.669,71"
2022-12-12,"4.205.992,58","4.205.992,58","107.424.420,42","14.914,87","4.205.992,58","4.476.017,52","1.792,77","4.205.992,58","4.361.959,57","26.709,63",282,"4.205.992,58"
